-- Dummy seed data for src/main/resources/db/assignment-schema.sql.
-- Run this after assignment-schema.sql has been executed.
-- Data is mapped from dummy-data.sql into the assignment-style schema:
-- user_account/student -> student, course -> lecture, course_section -> class,
-- section_schedule -> class_time, enrollment -> enroll.

WHENEVER SQLERROR EXIT SQL.SQLCODE;

alter session set container = xepdb1;
alter session set current_schema = backend;

insert into student (
   s_id,
   s_pwd,
   s_name,
   s_major,
   s_addr,
   s_phone,
   s_email,
   s_year,
   s_status
) values ( '20230001',
           '0001',
           '김민지',
           '컴퓨터과학과',
           '서울시 용산구',
           '010-1111-0001',
           'minji.kim@example.edu',
           4,
           'ENROLLED' );
insert into student (
   s_id,
   s_pwd,
   s_name,
   s_major,
   s_addr,
   s_phone,
   s_email,
   s_year,
   s_status
) values ( '20230002',
           '0002',
           '이준호',
           '컴퓨터과학과',
           '서울시 마포구',
           '010-1111-0002',
           'junho.lee@example.edu',
           4,
           'ENROLLED' );
insert into student (
   s_id,
   s_pwd,
   s_name,
   s_major,
   s_addr,
   s_phone,
   s_email,
   s_year,
   s_status
) values ( '20240001',
           '0003',
           '박서연',
           '컴퓨터과학과',
           '서울시 서대문구',
           '010-1111-0003',
           'seoyeon.park@example.edu',
           3,
           'ENROLLED' );
insert into student (
   s_id,
   s_pwd,
   s_name,
   s_major,
   s_addr,
   s_phone,
   s_email,
   s_year,
   s_status
) values ( '20220001',
           '0004',
           '최현우',
           '경영학과',
           '서울시 종로구',
           '010-1111-0004',
           'hyunwoo.choi@example.edu',
           5,
           'LEAVE' );
insert into student (
   s_id,
   s_pwd,
   s_name,
   s_major,
   s_addr,
   s_phone,
   s_email,
   s_year,
   s_status
) values ( '20210001',
           '0005',
           '정유나',
           '수학과',
           '서울시 중구',
           '010-1111-0005',
           'yuna.jung@example.edu',
           6,
           'ENROLLED' );

insert into professor (
   p_id,
   p_name,
   p_major,
   p_office,
   p_phone,
   p_pwd,
   p_email
) values ( 'P10001',
           '한지훈',
           '컴퓨터과학과',
           '소프트웨어관501',
           '02-2222-1001',
           '1001',
           'jihoon.han@example.edu' );
insert into professor (
   p_id,
   p_name,
   p_major,
   p_office,
   p_phone,
   p_pwd,
   p_email
) values ( 'P10002',
           '강소라',
           '컴퓨터과학과',
           '소프트웨어관407',
           '02-2222-1002',
           '1002',
           'sora.kang@example.edu' );
insert into professor (
   p_id,
   p_name,
   p_major,
   p_office,
   p_phone,
   p_pwd,
   p_email
) values ( 'P10003',
           '오태민',
           '경영학과',
           '경영관302',
           '02-2222-1003',
           '1003',
           'taemin.oh@example.edu' );
insert into professor (
   p_id,
   p_name,
   p_major,
   p_office,
   p_phone,
   p_pwd,
   p_email
) values ( 'P10004',
           '신은하',
           '수학과',
           '과학관215',
           '02-2222-1004',
           '1004',
           'eunha.shin@example.edu' );

insert into user_account (
   login_id,
   password_hash,
   role,
   email,
   phone,
   is_active
) values ( '20230001',
           '0001',
           'STUDENT',
           'minji.kim@example.edu',
           '010-1111-0001',
           1 );
insert into user_account (
   login_id,
   password_hash,
   role,
   email,
   phone,
   is_active
) values ( '20230002',
           '0002',
           'STUDENT',
           'junho.lee@example.edu',
           '010-1111-0002',
           1 );
insert into user_account (
   login_id,
   password_hash,
   role,
   email,
   phone,
   is_active
) values ( '20240001',
           '0003',
           'STUDENT',
           'seoyeon.park@example.edu',
           '010-1111-0003',
           1 );
insert into user_account (
   login_id,
   password_hash,
   role,
   email,
   phone,
   is_active
) values ( '20220001',
           '0004',
           'STUDENT',
           'hyunwoo.choi@example.edu',
           '010-1111-0004',
           0 );
insert into user_account (
   login_id,
   password_hash,
   role,
   email,
   phone,
   is_active
) values ( '20210001',
           '0005',
           'STUDENT',
           'yuna.jung@example.edu',
           '010-1111-0005',
           1 );
insert into user_account (
   login_id,
   password_hash,
   role,
   email,
   phone,
   is_active
) values ( 'P10001',
           '1001',
           'PROFESSOR',
           'jihoon.han@example.edu',
           '02-2222-1001',
           1 );
insert into user_account (
   login_id,
   password_hash,
   role,
   email,
   phone,
   is_active
) values ( 'P10002',
           '1002',
           'PROFESSOR',
           'sora.kang@example.edu',
           '02-2222-1002',
           1 );
insert into user_account (
   login_id,
   password_hash,
   role,
   email,
   phone,
   is_active
) values ( 'P10003',
           '1003',
           'PROFESSOR',
           'taemin.oh@example.edu',
           '02-2222-1003',
           1 );
insert into user_account (
   login_id,
   password_hash,
   role,
   email,
   phone,
   is_active
) values ( 'P10004',
           '1004',
           'PROFESSOR',
           'eunha.shin@example.edu',
           '02-2222-1004',
           1 );

insert into lecture (
   id,
   no,
   subject,
   prof,
   credit,
   p_id,
   course_type,
   course_major,
   target_year,
   is_english,
   textbook,
   assignment_count,
   midterm_rate,
   final_rate,
   assignment_rate,
   attendance_rate,
   prerequisite,
   note
) values ( 1,
           'CSE1010',
           '프로그래밍',
           '강소라',
           3,
           'P10002',
           '전공필수',
           '컴퓨터과학과',
           1,
           0,
           'Java 프로그래밍 입문',
           5,
           30,
           30,
           30,
           10,
           null,
           '프로그래밍 기초 문법과 객체지향 개념을 학습합니다.' );

insert into lecture (
   id,
   no,
   subject,
   prof,
   credit,
   p_id,
   course_type,
   course_major,
   target_year,
   is_english,
   textbook,
   assignment_count,
   midterm_rate,
   final_rate,
   assignment_rate,
   attendance_rate,
   prerequisite,
   note
) values ( 2,
           'CSE2010',
           '자료구조',
           '강소라',
           3,
           'P10002',
           '전공필수',
           '컴퓨터과학과',
           2,
           0,
           '자료구조와 알고리즘',
           6,
           30,
           30,
           30,
           10,
           '프로그래밍',
           '리스트, 스택, 큐, 트리, 그래프 등 기본 자료구조를 학습합니다.' );

insert into lecture (
   id,
   no,
   subject,
   prof,
   credit,
   p_id,
   course_type,
   course_major,
   target_year,
   is_english,
   textbook,
   assignment_count,
   midterm_rate,
   final_rate,
   assignment_rate,
   attendance_rate,
   prerequisite,
   note
) values ( 3,
           'CSE3033',
           '데이터베이스',
           '한지훈',
           3,
           'P10001',
           '전공선택',
           '컴퓨터과학과',
           3,
           0,
           '데이터베이스 시스템',
           5,
           30,
           30,
           30,
           10,
           '자료구조',
           'SQL, 정규화, 트랜잭션, PL/SQL 실습을 중심으로 학습합니다.' );

insert into lecture (
   id,
   no,
   subject,
   prof,
   credit,
   p_id,
   course_type,
   course_major,
   target_year,
   is_english,
   textbook,
   assignment_count,
   midterm_rate,
   final_rate,
   assignment_rate,
   attendance_rate,
   prerequisite,
   note
) values ( 4,
           'CSE4050',
           '소공',
           '한지훈',
           3,
           'P10001',
           '전공선택',
           '컴퓨터과학과',
           4,
           0,
           '소프트웨어공학 개론',
           4,
           25,
           35,
           30,
           10,
           '프로그래밍',
           '요구사항 분석, 설계, 구현, 테스트, 프로젝트 관리 방법을 학습합니다.' );

insert into lecture (
   id,
   no,
   subject,
   prof,
   credit,
   p_id,
   course_type,
   course_major,
   target_year,
   is_english,
   textbook,
   assignment_count,
   midterm_rate,
   final_rate,
   assignment_rate,
   attendance_rate,
   prerequisite,
   note
) values ( 5,
           'CSE4077',
           '인공지능',
           '강소라',
           3,
           'P10002',
           '전공선택',
           '컴퓨터과학과',
           4,
           0,
           '인공지능 개론',
           4,
           30,
           30,
           30,
           10,
           '자료구조',
           '탐색, 지식표현, 머신러닝 기초 등 인공지능 핵심 개념을 학습합니다.' );

insert into lecture (
   id,
   no,
   subject,
   prof,
   credit,
   p_id,
   course_type,
   course_major,
   target_year,
   is_english,
   textbook,
   assignment_count,
   midterm_rate,
   final_rate,
   assignment_rate,
   attendance_rate,
   prerequisite,
   note
) values ( 6,
           'BUS2100',
           '마케팅',
           '오태민',
           3,
           'P10003',
           '전공선택',
           '경영학과',
           2,
           0,
           '마케팅 원론',
           3,
           30,
           30,
           30,
           10,
           null,
           '마케팅 기본 이론과 시장 분석, 소비자 행동을 학습합니다.' );

insert into lecture (
   id,
   no,
   subject,
   prof,
   credit,
   p_id,
   course_type,
   course_major,
   target_year,
   is_english,
   textbook,
   assignment_count,
   midterm_rate,
   final_rate,
   assignment_rate,
   attendance_rate,
   prerequisite,
   note
) values ( 7,
           'MAT2200',
           '선형대수',
           '신은하',
           3,
           'P10004',
           '전공선택',
           '수학과',
           2,
           0,
           '선형대수학',
           5,
           30,
           30,
           30,
           10,
           null,
           '벡터, 행렬, 선형변환, 고유값과 고유벡터를 학습합니다.' );

insert into lecture (
   id,
   no,
   subject,
   prof,
   credit,
   p_id,
   course_type,
   course_major,
   target_year,
   is_english,
   textbook,
   assignment_count,
   midterm_rate,
   final_rate,
   assignment_rate,
   attendance_rate,
   prerequisite,
   note
) values ( 8,
           'ENG1500',
           '영어',
           '신은하',
           2,
           'P10004',
           '교양필수',
           '교양',
           1,
           1,
           '대학 영어',
           4,
           25,
           25,
           30,
           20,
           null,
           '읽기, 쓰기, 발표를 중심으로 대학 영어 능력을 향상합니다.' );

insert into class (
   p_id,
   c_id,
   c_no,
   c_where,
   c_max,
   c_now,
   c_status
) values ( 'P10001',
           'CSE3033',
           1,
           '명신관101',
           35,
           0,
           'OPEN' );

insert into class (
   p_id,
   c_id,
   c_no,
   c_where,
   c_max,
   c_now,
   c_status
) values ( 'P10001',
           'CSE4050',
           1,
           '명신관203',
           30,
           0,
           'OPEN' );

insert into class (
   p_id,
   c_id,
   c_no,
   c_where,
   c_max,
   c_now,
   c_status
) values ( 'P10002',
           'CSE4077',
           1,
           '명신관305',
           40,
           0,
           'OPEN' );

insert into class (
   p_id,
   c_id,
   c_no,
   c_where,
   c_max,
   c_now,
   c_status
) values ( 'P10002',
           'CSE2010',
           2,
           '명신관101',
           40,
           0,
           'OPEN' );

insert into class (
   p_id,
   c_id,
   c_no,
   c_where,
   c_max,
   c_now,
   c_status
) values ( 'P10003',
           'BUS2100',
           1,
           '경영관201',
           45,
           0,
           'OPEN' );

insert into class (
   p_id,
   c_id,
   c_no,
   c_where,
   c_max,
   c_now,
   c_status
) values ( 'P10004',
           'MAT2200',
           1,
           '과학관110',
           50,
           0,
           'OPEN' );

insert into class (
   p_id,
   c_id,
   c_no,
   c_where,
   c_max,
   c_now,
   c_status
) values ( 'P10004',
           'ENG1500',
           1,
           '명신관203',
           25,
           0,
           'CLOSED' );

insert into class (
   p_id,
   c_id,
   c_no,
   c_where,
   c_max,
   c_now,
   c_status
) values ( 'P10002',
           'CSE1010',
           1,
           '명신관305',
           45,
           0,
           'OPEN' );

insert into class_time (
   time_id,
   p_id,
   c_id,
   c_no,
   c_day,
   c_start,
   c_end
) values ( 1,
           'P10001',
           'CSE3033',
           1,
           'MON',
           '09:00',
           '10:15' );

insert into class_time (
   time_id,
   p_id,
   c_id,
   c_no,
   c_day,
   c_start,
   c_end
) values ( 2,
           'P10001',
           'CSE3033',
           1,
           'WED',
           '09:00',
           '10:15' );

insert into class_time (
   time_id,
   p_id,
   c_id,
   c_no,
   c_day,
   c_start,
   c_end
) values ( 3,
           'P10001',
           'CSE4050',
           1,
           'TUE',
           '10:30',
           '11:45' );

insert into class_time (
   time_id,
   p_id,
   c_id,
   c_no,
   c_day,
   c_start,
   c_end
) values ( 4,
           'P10001',
           'CSE4050',
           1,
           'THU',
           '10:30',
           '11:45' );

insert into class_time (
   time_id,
   p_id,
   c_id,
   c_no,
   c_day,
   c_start,
   c_end
) values ( 5,
           'P10002',
           'CSE4077',
           1,
           'MON',
           '13:00',
           '14:15' );

insert into class_time (
   time_id,
   p_id,
   c_id,
   c_no,
   c_day,
   c_start,
   c_end
) values ( 6,
           'P10002',
           'CSE4077',
           1,
           'WED',
           '13:00',
           '14:15' );

insert into class_time (
   time_id,
   p_id,
   c_id,
   c_no,
   c_day,
   c_start,
   c_end
) values ( 7,
           'P10002',
           'CSE2010',
           2,
           'FRI',
           '09:00',
           '11:50' );

insert into class_time (
   time_id,
   p_id,
   c_id,
   c_no,
   c_day,
   c_start,
   c_end
) values ( 8,
           'P10003',
           'BUS2100',
           1,
           'TUE',
           '15:00',
           '17:45' );

insert into class_time (
   time_id,
   p_id,
   c_id,
   c_no,
   c_day,
   c_start,
   c_end
) values ( 9,
           'P10004',
           'MAT2200',
           1,
           'MON',
           '10:30',
           '11:45' );

insert into class_time (
   time_id,
   p_id,
   c_id,
   c_no,
   c_day,
   c_start,
   c_end
) values ( 10,
           'P10004',
           'MAT2200',
           1,
           'WED',
           '10:30',
           '11:45' );

insert into class_time (
   time_id,
   p_id,
   c_id,
   c_no,
   c_day,
   c_start,
   c_end
) values ( 11,
           'P10004',
           'ENG1500',
           1,
           'SAT',
           '09:00',
           '11:30' );

insert into class_time (
   time_id,
   p_id,
   c_id,
   c_no,
   c_day,
   c_start,
   c_end
) values ( 12,
           'P10002',
           'CSE1010',
           1,
           'MON',
           '15:00',
           '16:15' );

insert into registration_period (
   period_id,
   e_year,
   e_semester,
   period_type,
   start_at,
   end_at
) values ( 1,
           2026,
           2,
           'MAIN',
           to_timestamp('2026-06-01 09:00:00',
                        'YYYY-MM-DD HH24:MI:SS'),
           to_timestamp('2026-06-30 18:00:00',
                        'YYYY-MM-DD HH24:MI:SS') );
insert into registration_period (
   period_id,
   e_year,
   e_semester,
   period_type,
   start_at,
   end_at
) values ( 2,
           2026,
           2,
           'ADD_DROP',
           to_timestamp('2026-06-22 09:00:00',
                        'YYYY-MM-DD HH24:MI:SS'),
           to_timestamp('2026-06-26 18:00:00',
                        'YYYY-MM-DD HH24:MI:SS') );
insert into registration_period (
   period_id,
   e_year,
   e_semester,
   period_type,
   start_at,
   end_at
) values ( 3,
           2027,
           1,
           'MAIN',
           to_timestamp('2026-12-01 09:00:00',
                        'YYYY-MM-DD HH24:MI:SS'),
           to_timestamp('2026-12-19 18:00:00',
                        'YYYY-MM-DD HH24:MI:SS') );
insert into registration_period (
   period_id,
   e_year,
   e_semester,
   period_type,
   start_at,
   end_at
) values ( 4,
           2027,
           1,
           'ADD_DROP',
           to_timestamp('2026-12-22 09:00:00',
                        'YYYY-MM-DD HH24:MI:SS'),
           to_timestamp('2026-12-26 18:00:00',
                        'YYYY-MM-DD HH24:MI:SS') );

-- Trigger trg_enroll_class_count updates class.c_now for ENROLLED rows.
insert into enroll (
   e_id,
   s_id,
   c_id,
   c_no,
   e_year,
   e_semester,
   e_date,
   e_status,
   e_drop_date,
   professor_note
) values ( 1,
           '20230001',
           'CSE3033',
           1,
           2026,
           2,
           to_timestamp('2026-06-01 09:12:00',
                        'YYYY-MM-DD HH24:MI:SS'),
           'ENROLLED',
           null,
           null );

insert into enroll (
   e_id,
   s_id,
   c_id,
   c_no,
   e_year,
   e_semester,
   e_date,
   e_status,
   e_drop_date,
   professor_note
) values ( 2,
           '20230002',
           'CSE3033',
           1,
           2026,
           2,
           to_timestamp('2026-06-01 09:15:00',
                        'YYYY-MM-DD HH24:MI:SS'),
           'ENROLLED',
           null,
           null );

insert into enroll (
   e_id,
   s_id,
   c_id,
   c_no,
   e_year,
   e_semester,
   e_date,
   e_status,
   e_drop_date,
   professor_note
) values ( 3,
           '20230001',
           'CSE4050',
           1,
           2026,
           2,
           to_timestamp('2026-06-01 09:40:00',
                        'YYYY-MM-DD HH24:MI:SS'),
           'ENROLLED',
           null,
           '프로젝트 참여도가 높음' );

insert into enroll (
   e_id,
   s_id,
   c_id,
   c_no,
   e_year,
   e_semester,
   e_date,
   e_status,
   e_drop_date,
   professor_note
) values ( 4,
           '20230002',
           'CSE4077',
           1,
           2026,
           2,
           to_timestamp('2026-06-02 16:35:00',
                        'YYYY-MM-DD HH24:MI:SS'),
           'ENROLLED',
           null,
           '수강 예외 승인' );

insert into enroll (
   e_id,
   s_id,
   c_id,
   c_no,
   e_year,
   e_semester,
   e_date,
   e_status,
   e_drop_date,
   professor_note
) values ( 5,
           '20240001',
           'CSE4077',
           1,
           2026,
           2,
           to_timestamp('2026-06-02 10:05:00',
                        'YYYY-MM-DD HH24:MI:SS'),
           'ENROLLED',
           null,
           null );

insert into enroll (
   e_id,
   s_id,
   c_id,
   c_no,
   e_year,
   e_semester,
   e_date,
   e_status,
   e_drop_date,
   professor_note
) values ( 6,
           '20240001',
           'CSE2010',
           2,
           2026,
           2,
           to_timestamp('2026-06-02 10:10:00',
                        'YYYY-MM-DD HH24:MI:SS'),
           'ENROLLED',
           null,
           null );

insert into enroll (
   e_id,
   s_id,
   c_id,
   c_no,
   e_year,
   e_semester,
   e_date,
   e_status,
   e_drop_date,
   professor_note
) values ( 7,
           '20230001',
           'BUS2100',
           1,
           2026,
           2,
           to_timestamp('2026-06-03 15:05:00',
                        'YYYY-MM-DD HH24:MI:SS'),
           'ENROLLED',
           null,
           '교양 선택 과목' );

insert into enroll (
   e_id,
   s_id,
   c_id,
   c_no,
   e_year,
   e_semester,
   e_date,
   e_status,
   e_drop_date,
   professor_note
) values ( 8,
           '20210001',
           'MAT2200',
           1,
           2026,
           2,
           to_timestamp('2026-06-03 14:10:00',
                        'YYYY-MM-DD HH24:MI:SS'),
           'ENROLLED',
           null,
           null );

insert into enroll (
   e_id,
   s_id,
   c_id,
   c_no,
   e_year,
   e_semester,
   e_date,
   e_status,
   e_drop_date,
   professor_note
) values ( 9,
           '20210001',
           'ENG1500',
           1,
           2026,
           2,
           to_timestamp('2026-06-03 14:30:00',
                        'YYYY-MM-DD HH24:MI:SS'),
           'ENROLLED',
           null,
           null );

insert into enroll (
   e_id,
   s_id,
   c_id,
   c_no,
   e_year,
   e_semester,
   e_date,
   e_status,
   e_drop_date,
   professor_note
) values ( 10,
           '20220001',
           'CSE3033',
           1,
           2025,
           2,
           to_timestamp('2025-08-18 09:30:00',
                        'YYYY-MM-DD HH24:MI:SS'),
           'COMPLETED',
           null,
           '재수강 불가' );

insert into enroll (
   e_id,
   s_id,
   c_id,
   c_no,
   e_year,
   e_semester,
   e_date,
   e_status,
   e_drop_date,
   professor_note
) values ( 11,
           '20240001',
           'CSE3033',
           1,
           2026,
           2,
           to_timestamp('2026-06-04 10:00:00',
                        'YYYY-MM-DD HH24:MI:SS'),
           'DROPPED',
           to_timestamp('2026-06-05 17:00:00',
                        'YYYY-MM-DD HH24:MI:SS'),
           '정정 기간 취소' );

insert into cart_item (
   cart_id,
   s_id,
   c_id,
   c_no,
   added_at
) values ( 1,
           '20230001',
           'CSE4077',
           1,
           to_timestamp('2026-05-28 10:10:00',
                        'YYYY-MM-DD HH24:MI:SS') );

insert into cart_item (
   cart_id,
   s_id,
   c_id,
   c_no,
   added_at
) values ( 2,
           '20230002',
           'CSE4050',
           1,
           to_timestamp('2026-06-05 10:12:00',
                        'YYYY-MM-DD HH24:MI:SS') );

insert into cart_item (
   cart_id,
   s_id,
   c_id,
   c_no,
   added_at
) values ( 3,
           '20240001',
           'CSE3033',
           1,
           to_timestamp('2026-06-04 16:45:00',
                        'YYYY-MM-DD HH24:MI:SS') );

insert into cart_item (
   cart_id,
   s_id,
   c_id,
   c_no,
   added_at
) values ( 4,
           '20210001',
           'CSE1010',
           1,
           to_timestamp('2026-06-05 11:20:00',
                        'YYYY-MM-DD HH24:MI:SS') );

insert into course_request (
   request_id,
   s_id,
   c_id,
   c_no,
   reason,
   status,
   requested_at,
   processed_at,
   processed_by_p_id
) values ( 1,
           '20240001',
           'CSE4050',
           1,
           '소프트웨어공학 프로젝트 분반에 참여하고 싶습니다.',
           'PENDING',
           to_timestamp('2026-06-04 14:10:00',
                        'YYYY-MM-DD HH24:MI:SS'),
           null,
           null );

insert into course_request (
   request_id,
   s_id,
   c_id,
   c_no,
   reason,
   status,
   requested_at,
   processed_at,
   processed_by_p_id
) values ( 2,
           '20230002',
           'CSE4077',
           1,
           '졸업 계획을 위해 인공지능 과목 수강이 필요합니다.',
           'APPROVED',
           to_timestamp('2026-06-03 11:20:00',
                        'YYYY-MM-DD HH24:MI:SS'),
           to_timestamp('2026-06-03 16:30:00',
                        'YYYY-MM-DD HH24:MI:SS'),
           'P10002' );

insert into course_request (
   request_id,
   s_id,
   c_id,
   c_no,
   reason,
   status,
   requested_at,
   processed_at,
   processed_by_p_id
) values ( 3,
           '20220001',
           'CSE3033',
           1,
           '복학 후 이번 학기에 데이터베이스 수강이 필요합니다.',
           'REJECTED',
           to_timestamp('2026-06-04 09:40:00',
                        'YYYY-MM-DD HH24:MI:SS'),
           to_timestamp('2026-06-04 12:05:00',
                        'YYYY-MM-DD HH24:MI:SS'),
           'P10001' );

insert into course_request (
   request_id,
   s_id,
   c_id,
   c_no,
   reason,
   status,
   requested_at,
   processed_at,
   processed_by_p_id
) values ( 4,
           '20210001',
           'BUS2100',
           1,
           '연계 전공 선택 과목으로 마케팅을 수강하고 싶습니다.',
           'PENDING',
           to_timestamp('2026-06-05 13:00:00',
                        'YYYY-MM-DD HH24:MI:SS'),
           null,
           null );

insert into review (
   review_id,
   e_id,
   rating_overall,
   rating_content,
   rating_workload,
   rating_professor,
   difficulty,
   pros,
   cons,
   advice,
   is_anonymous,
   created_at
) values ( 1,
           1,
           5,
           5,
           4,
           5,
           'MEDIUM',
           'SQL과 PL/SQL 실습이 유용합니다.',
           '매주 과제가 있어 꾸준한 노력이 필요합니다.',
           'SQL 프로젝트를 일찍 시작하세요.',
           1,
           to_timestamp('2026-03-12 12:00:00',
                        'YYYY-MM-DD HH24:MI:SS') );
insert into review (
   review_id,
   e_id,
   rating_overall,
   rating_content,
   rating_workload,
   rating_professor,
   difficulty,
   pros,
   cons,
   advice,
   is_anonymous,
   created_at
) values ( 2,
           2,
           4,
           4,
           3,
           5,
           'MEDIUM',
           '트랜잭션 설명이 명확합니다.',
           '실습 시간이 짧게 느껴집니다.',
           '시험 전 정규화를 복습하세요.',
           0,
           to_timestamp('2026-04-03 09:30:00',
                        'YYYY-MM-DD HH24:MI:SS') );
insert into review (
   review_id,
   e_id,
   rating_overall,
   rating_content,
   rating_workload,
   rating_professor,
   difficulty,
   pros,
   cons,
   advice,
   is_anonymous,
   created_at
) values ( 3,
           3,
           5,
           5,
           4,
           5,
           'HARD',
           '프로젝트가 실제 개발과 가깝습니다.',
           '마감 일정이 빠듯할 수 있습니다.',
           '첫 주부터 회의록을 남기세요.',
           1,
           to_timestamp('2026-03-28 16:10:00',
                        'YYYY-MM-DD HH24:MI:SS') );

insert into notification (
   notification_id,
   recipient_p_id,
   sender_s_id,
   target_c_id,
   target_c_no,
   target_request_id,
   title,
   body,
   type,
   is_read,
   created_at
) values ( 1,
           'P10001',
           '20240001',
           'CSE4050',
           1,
           1,
           '새 수강 요청',
           '학생이 소프트웨어공학 분반 수강을 요청했습니다.',
           'COURSE_REQUEST',
           0,
           to_timestamp('2026-06-04 14:10:00',
                        'YYYY-MM-DD HH24:MI:SS') );

insert into notification (
   notification_id,
   recipient_s_id,
   sender_p_id,
   target_c_id,
   target_c_no,
   target_request_id,
   title,
   body,
   type,
   is_read,
   created_at
) values ( 2,
           '20230002',
           'P10002',
           'CSE4077',
           1,
           2,
           '수강 요청 승인',
           '인공지능 수강 요청이 승인되었습니다.',
           'COURSE_REQUEST_RESULT',
           1,
           to_timestamp('2026-06-03 16:30:00',
                        'YYYY-MM-DD HH24:MI:SS') );

insert into notification (
   notification_id,
   recipient_s_id,
   sender_p_id,
   target_c_id,
   target_c_no,
   target_request_id,
   title,
   body,
   type,
   is_read,
   created_at
) values ( 3,
           '20220001',
           'P10001',
           'CSE3033',
           1,
           3,
           '수강 요청 반려',
           '데이터베이스 수강 요청이 반려되었습니다.',
           'COURSE_REQUEST_RESULT',
           0,
           to_timestamp('2026-06-04 12:05:00',
                        'YYYY-MM-DD HH24:MI:SS') );

insert into notification (
   notification_id,
   recipient_p_id,
   sender_s_id,
   target_c_id,
   target_c_no,
   title,
   body,
   type,
   is_read,
   created_at
) values ( 4,
           'P10001',
           '20230001',
           'CSE3033',
           1,
           '새 강의 평가',
           '학생이 데이터베이스 강의 평가를 등록했습니다.',
           'COURSE_REVIEW',
           0,
           to_timestamp('2026-03-12 12:01:00',
                        'YYYY-MM-DD HH24:MI:SS') );

insert into notification (
   notification_id,
   recipient_s_id,
   title,
   body,
   type,
   is_read,
   created_at
) values ( 5,
           '20210001',
           '시스템 공지',
           '점검 시간에는 수강신청을 사용할 수 없습니다.',
           'SYSTEM',
           0,
           to_timestamp('2026-06-01 09:00:00',
                        'YYYY-MM-DD HH24:MI:SS') );

commit;